IP地址,端口,回源端口,TLS,数据中心,地区,城市,TCP延迟(ms),速度(MB/s)
34.116.171.235,443,443,true,FRA,Europe,Frankfurt,190,9.41
34.159.97.220,443,443,true,FRA,Europe,Frankfurt,175,9.41
34.116.200.216,443,443,true,FRA,Europe,Frankfurt,192,9.40
34.118.51.1,443,443,true,FRA,Europe,Frankfurt,277,9.40
34.116.203.237,443,443,true,FRA,Europe,Frankfurt,276,9.38
34.118.90.82,443,443,true,FRA,Europe,Frankfurt,185,9.38
34.154.120.66,443,443,true,FRA,Europe,Frankfurt,178,9.37
34.116.239.87,443,443,true,FRA,Europe,Frankfurt,190,9.37
34.118.15.93,443,443,true,FRA,Europe,Frankfurt,205,9.37
34.118.62.126,443,443,true,FRA,Europe,Frankfurt,183,9.36
34.154.180.236,443,443,true,FRA,Europe,Frankfurt,177,9.36
34.116.140.46,443,443,true,FRA,Europe,Frankfurt,253,9.35
34.88.63.160,443,443,true,FRA,Europe,Frankfurt,219,9.34
34.116.221.87,443,443,true,FRA,Europe,Frankfurt,276,9.33
34.154.121.70,443,443,true,FRA,Europe,Frankfurt,181,9.32
34.116.140.46,443,443,true,FRA,Europe,Frankfurt,195,9.32
34.159.69.238,443,443,true,FRA,Europe,Frankfurt,168,9.32
34.141.45.127,443,443,true,FRA,Europe,Frankfurt,172,9.32
34.116.224.156,443,443,true,FRA,Europe,Frankfurt,193,9.27
34.141.54.241,443,443,true,FRA,Europe,Frankfurt,173,9.25
34.116.155.234,443,443,true,FRA,Europe,Frankfurt,231,9.24
34.118.49.212,443,443,true,FRA,Europe,Frankfurt,189,9.22
34.116.157.9,443,443,true,FRA,Europe,Frankfurt,287,9.22
34.118.60.19,443,443,true,FRA,Europe,Frankfurt,190,9.19
34.116.189.111,443,443,true,FRA,Europe,Frankfurt,279,9.19
34.141.26.28,443,443,true,FRA,Europe,Frankfurt,177,9.17
34.154.139.33,443,443,true,FRA,Europe,Frankfurt,183,9.13
34.116.159.95,443,443,true,FRA,Europe,Frankfurt,294,9.12
34.66.72.229,443,443,true,ORD,North America,Chicago,206,9.11
34.116.206.219,443,443,true,FRA,Europe,Frankfurt,270,9.11
34.118.31.219,443,443,true,FRA,Europe,Frankfurt,183,9.11
34.72.146.82,443,443,true,ORD,North America,Chicago,206,9.09
34.116.145.227,443,443,true,FRA,Europe,Frankfurt,281,9.08
34.116.141.181,443,443,true,FRA,Europe,Frankfurt,188,9.04
35.226.211.129,443,443,true,ORD,North America,Chicago,261,9.03
34.72.146.82,443,443,true,ORD,North America,Chicago,207,9.02
34.72.146.82,443,443,true,ORD,North America,Chicago,207,9.01
34.123.83.237,443,443,true,ORD,North America,Chicago,205,9.01
34.72.146.82,443,443,true,ORD,North America,Chicago,207,9.01
34.116.253.136,443,443,true,FRA,Europe,Frankfurt,193,9.01
34.66.72.229,443,443,true,ORD,North America,Chicago,206,9.01
34.118.40.50,443,443,true,FRA,Europe,Frankfurt,318,9.00
34.154.167.40,443,443,true,FRA,Europe,Frankfurt,180,9.00
34.41.252.92,443,443,true,ORD,North America,Chicago,292,8.99
34.66.72.229,443,443,true,ORD,North America,Chicago,207,8.98
34.116.140.31,443,443,true,FRA,Europe,Frankfurt,197,8.98
34.70.91.86,443,443,true,ORD,North America,Chicago,208,8.98
34.154.191.199,443,443,true,FRA,Europe,Frankfurt,276,8.97
34.29.228.169,443,443,true,ORD,North America,Chicago,207,8.95
34.66.72.229,443,443,true,ORD,North America,Chicago,208,8.94
34.29.228.169,443,443,true,ORD,North America,Chicago,207,8.93
35.202.158.120,443,443,true,ORD,North America,Chicago,207,8.92
34.67.45.105,443,443,true,ORD,North America,Chicago,209,8.90
34.69.150.180,443,443,true,ORD,North America,Chicago,212,8.90
35.202.158.120,443,443,true,ORD,North America,Chicago,208,8.88
34.141.191.66,443,443,true,FRA,Europe,Frankfurt,183,8.87
34.69.150.180,443,443,true,ORD,North America,Chicago,208,8.81
35.202.158.120,443,443,true,ORD,North America,Chicago,208,8.81
34.90.231.41,443,443,true,FRA,Europe,Frankfurt,168,8.78
34.69.150.180,443,443,true,ORD,North America,Chicago,209,8.76
34.67.45.105,443,443,true,ORD,North America,Chicago,210,8.75
34.69.150.180,443,443,true,ORD,North America,Chicago,205,8.75
34.70.91.86,443,443,true,ORD,North America,Chicago,206,8.73
34.70.91.86,443,443,true,ORD,North America,Chicago,207,8.72
34.116.141.181,443,443,true,FRA,Europe,Frankfurt,252,8.71
34.154.172.239,443,443,true,FRA,Europe,Frankfurt,183,8.64
34.70.91.86,443,443,true,ORD,North America,Chicago,207,8.64
34.118.109.211,443,443,true,FRA,Europe,Frankfurt,188,8.64
34.67.45.105,443,443,true,ORD,North America,Chicago,207,8.63
34.67.45.105,443,443,true,ORD,North America,Chicago,207,8.63
34.116.214.43,443,443,true,FRA,Europe,Frankfurt,187,8.63
34.154.243.73,443,443,true,FRA,Europe,Frankfurt,181,8.60
34.147.41.117,443,443,true,FRA,Europe,Frankfurt,180,8.60
34.105.233.161,443,443,true,LHR,Europe,London,221,8.57
34.154.213.202,443,443,true,FRA,Europe,Frankfurt,185,8.49
34.141.119.103,443,443,true,FRA,Europe,Frankfurt,167,8.48
34.116.195.100,443,443,true,FRA,Europe,Frankfurt,190,8.44
34.118.67.56,443,443,true,FRA,Europe,Frankfurt,192,8.43
34.130.195.13,443,443,true,YYZ,North America,Toronto,213,8.43
34.150.133.11,443,443,true,IAD,North America,Ashburn,282,8.40
34.150.133.11,443,443,true,IAD,North America,Ashburn,222,8.36
34.89.185.19,443,443,true,FRA,Europe,Frankfurt,165,8.33
34.91.228.224,443,443,true,FRA,Europe,Frankfurt,199,8.30
34.91.135.41,443,443,true,FRA,Europe,Frankfurt,184,8.24
34.91.242.202,443,443,true,FRA,Europe,Frankfurt,181,8.22
35.246.209.243,443,443,true,FRA,Europe,Frankfurt,175,8.20
34.154.208.160,443,443,true,FRA,Europe,Frankfurt,174,8.20
34.91.135.41,443,443,true,FRA,Europe,Frankfurt,174,8.16
34.148.187.247,443,443,true,ATL,North America,Atlanta,218,8.10
34.159.127.233,443,443,true,FRA,Europe,Frankfurt,272,8.09
34.118.15.93,443,443,true,FRA,Europe,Frankfurt,270,8.09
34.150.180.124,443,443,true,IAD,North America,Ashburn,286,8.08
34.118.126.252,443,443,true,FRA,Europe,Frankfurt,227,8.07
34.148.187.247,443,443,true,ATL,North America,Atlanta,303,8.06
34.154.193.94,443,443,true,FRA,Europe,Frankfurt,188,8.05
34.154.172.31,443,443,true,FRA,Europe,Frankfurt,181,8.05
34.145.145.76,443,443,true,IAD,North America,Ashburn,230,8.04
34.118.31.219,443,443,true,FRA,Europe,Frankfurt,210,8.02
34.118.5.104,443,443,true,FRA,Europe,Frankfurt,193,8.00
34.116.159.95,443,443,true,FRA,Europe,Frankfurt,185,7.98
34.154.99.104,443,443,true,FRA,Europe,Frankfurt,181,7.96
34.141.83.89,443,443,true,FRA,Europe,Frankfurt,170,7.96
34.116.140.31,443,443,true,FRA,Europe,Frankfurt,270,7.91
34.86.193.161,443,443,true,IAD,North America,Ashburn,221,7.91
34.118.57.162,443,443,true,FRA,Europe,Frankfurt,191,7.91
34.118.20.131,443,443,true,FRA,Europe,Frankfurt,249,7.87
34.89.185.19,443,443,true,FRA,Europe,Frankfurt,169,7.84
34.145.184.167,443,443,true,IAD,North America,Ashburn,225,7.81
34.48.111.143,443,443,true,IAD,North America,Ashburn,234,7.80
34.150.233.190,443,443,true,IAD,North America,Ashburn,284,7.76
34.86.193.161,443,443,true,IAD,North America,Ashburn,225,7.75
34.48.111.143,443,443,true,IAD,North America,Ashburn,285,7.74
34.141.225.86,443,443,true,FRA,Europe,Frankfurt,178,7.73
34.145.184.167,443,443,true,IAD,North America,Ashburn,242,7.72
34.118.115.155,443,443,true,FRA,Europe,Frankfurt,245,7.72
34.150.233.190,443,443,true,IAD,North America,Ashburn,229,7.72
34.150.180.124,443,443,true,IAD,North America,Ashburn,222,7.70
35.230.169.129,443,443,true,IAD,North America,Ashburn,235,7.69
34.118.62.126,443,443,true,FRA,Europe,Frankfurt,201,7.68
34.86.193.161,443,443,true,IAD,North America,Ashburn,230,7.66
34.86.193.161,443,443,true,IAD,North America,Ashburn,246,7.66
34.89.185.19,443,443,true,FRA,Europe,Frankfurt,171,7.65
34.147.48.14,443,443,true,FRA,Europe,Frankfurt,181,7.61
34.34.186.205,443,443,true,CDG,Europe,Paris,225,7.60
34.48.100.4,443,443,true,IAD,North America,Ashburn,260,7.59
35.225.207.21,443,443,true,ORD,North America,Chicago,206,7.58
34.135.226.181,443,443,true,ORD,North America,Chicago,208,7.57
34.48.100.4,443,443,true,IAD,North America,Ashburn,300,7.55
34.118.90.82,443,443,true,FRA,Europe,Frankfurt,236,7.52
35.190.152.145,443,443,true,ATL,North America,Atlanta,225,7.50
35.196.72.166,443,443,true,ATL,North America,Atlanta,219,7.50
34.118.95.114,443,443,true,FRA,Europe,Frankfurt,187,7.50
35.186.170.241,443,443,true,IAD,North America,Ashburn,243,7.44
35.230.177.24,443,443,true,IAD,North America,Ashburn,254,7.38
34.163.89.60,2053,443,true,CDG,Europe,Paris,236,7.35
34.154.172.60,443,443,true,FRA,Europe,Frankfurt,175,7.31
34.141.239.181,443,443,true,FRA,Europe,Frankfurt,181,7.25
34.159.21.178,443,443,true,FRA,Europe,Frankfurt,174,7.22
34.118.104.130,443,443,true,FRA,Europe,Frankfurt,223,7.22
34.118.60.19,443,443,true,FRA,Europe,Frankfurt,226,7.18
34.118.38.251,443,443,true,FRA,Europe,Frankfurt,232,7.18
34.118.121.235,443,443,true,FRA,Europe,Frankfurt,218,7.14
34.163.89.60,8443,443,true,CDG,Europe,Paris,255,7.12
34.163.89.60,8443,443,true,CDG,Europe,Paris,227,7.08
34.107.42.68,443,443,true,FRA,Europe,Frankfurt,167,7.02
34.34.186.205,443,443,true,CDG,Europe,Paris,226,7.01
34.163.89.60,2053,443,true,CDG,Europe,Paris,233,6.96
34.118.103.40,443,443,true,FRA,Europe,Frankfurt,218,6.85
34.91.211.250,443,443,true,FRA,Europe,Frankfurt,181,6.69
34.118.69.196,443,443,true,FRA,Europe,Frankfurt,259,6.68
34.154.216.109,443,443,true,FRA,Europe,Frankfurt,178,6.65
34.118.23.103,443,443,true,FRA,Europe,Frankfurt,255,6.64
34.107.25.251,443,443,true,FRA,Europe,Frankfurt,247,6.64
34.154.170.13,443,443,true,FRA,Europe,Frankfurt,175,6.56
34.154.195.86,443,443,true,FRA,Europe,Frankfurt,182,6.53
34.118.4.22,443,443,true,FRA,Europe,Frankfurt,350,6.51
35.242.229.197,443,443,true,FRA,Europe,Frankfurt,212,6.45
34.154.244.34,443,443,true,FRA,Europe,Frankfurt,267,6.43
34.116.147.108,443,443,true,FRA,Europe,Frankfurt,183,6.42
34.118.56.37,443,443,true,FRA,Europe,Frankfurt,215,6.39
34.154.103.81,443,443,true,FRA,Europe,Frankfurt,181,6.33
34.118.87.123,443,443,true,FRA,Europe,Frankfurt,238,6.11
34.154.225.147,443,443,true,FRA,Europe,Frankfurt,177,6.10
34.89.137.64,443,443,true,FRA,Europe,Frankfurt,170,6.10
35.200.238.235,443,443,true,BOM,Asia Pacific,Mumbai,309,6.08
34.118.67.161,443,443,true,FRA,Europe,Frankfurt,189,6.02
35.200.238.235,443,443,true,BOM,Asia Pacific,Mumbai,145,5.98
34.154.101.243,443,443,true,FRA,Europe,Frankfurt,182,5.95
34.118.90.234,443,443,true,FRA,Europe,Frankfurt,184,5.94
34.118.53.102,443,443,true,FRA,Europe,Frankfurt,233,5.91
34.141.139.242,443,443,true,FRA,Europe,Frankfurt,174,5.91
34.159.59.132,443,443,true,FRA,Europe,Frankfurt,189,5.91
34.154.188.103,443,443,true,FRA,Europe,Frankfurt,177,5.85
34.154.140.149,443,443,true,FRA,Europe,Frankfurt,182,5.78
34.154.123.93,443,443,true,FRA,Europe,Frankfurt,219,5.75
34.118.51.1,443,443,true,FRA,Europe,Frankfurt,208,5.41
34.118.7.22,443,443,true,FRA,Europe,Frankfurt,226,5.40
34.105.233.161,443,443,true,LHR,Europe,London,169,5.29
34.118.110.34,443,443,true,FRA,Europe,Frankfurt,246,5.27
34.118.25.92,443,443,true,FRA,Europe,Frankfurt,201,5.24
34.118.51.76,443,443,true,FRA,Europe,Frankfurt,228,5.13
34.118.5.47,443,443,true,FRA,Europe,Frankfurt,222,5.07
34.118.49.212,443,443,true,FRA,Europe,Frankfurt,245,5.05
34.118.91.186,443,443,true,FRA,Europe,Frankfurt,193,5.04
34.118.30.198,443,443,true,FRA,Europe,Frankfurt,270,4.95
34.118.109.211,443,443,true,FRA,Europe,Frankfurt,253,4.91
34.118.120.159,443,443,true,FRA,Europe,Frankfurt,248,4.89
34.118.5.104,443,443,true,FRA,Europe,Frankfurt,257,4.88
34.90.73.152,443,443,true,FRA,Europe,Frankfurt,259,4.80
34.118.5.126,443,443,true,FRA,Europe,Frankfurt,211,4.78
34.118.67.148,443,443,true,FRA,Europe,Frankfurt,267,4.67
34.118.99.186,443,443,true,FRA,Europe,Frankfurt,220,4.66
34.154.244.63,443,443,true,FRA,Europe,Frankfurt,179,4.60
34.65.152.120,443,443,true,FRA,Europe,Frankfurt,267,4.53
34.118.67.56,443,443,true,FRA,Europe,Frankfurt,221,4.38
34.118.67.161,443,443,true,FRA,Europe,Frankfurt,236,4.15
34.118.57.162,443,443,true,FRA,Europe,Frankfurt,231,4.15
34.118.112.163,443,443,true,FRA,Europe,Frankfurt,243,4.12
34.90.89.133,443,443,true,FRA,Europe,Frankfurt,163,4.10
34.118.111.23,443,443,true,FRA,Europe,Frankfurt,227,4.06
34.90.228.27,443,443,true,FRA,Europe,Frankfurt,253,3.88
34.154.204.63,443,443,true,FRA,Europe,Frankfurt,262,3.84
34.90.228.27,443,443,true,FRA,Europe,Frankfurt,261,3.83
34.118.77.221,443,443,true,FRA,Europe,Frankfurt,280,3.61
34.118.38.251,443,443,true,FRA,Europe,Frankfurt,272,3.54
34.88.63.160,443,443,true,FRA,Europe,Frankfurt,186,3.45
34.118.84.164,443,443,true,FRA,Europe,Frankfurt,232,3.38
35.204.156.161,443,443,true,FRA,Europe,Frankfurt,264,3.38
34.91.135.41,443,443,true,FRA,Europe,Frankfurt,164,3.36
34.90.73.152,443,443,true,FRA,Europe,Frankfurt,184,3.35
34.118.111.208,443,443,true,FRA,Europe,Frankfurt,228,3.35
34.154.80.117,443,443,true,FRA,Europe,Frankfurt,179,3.22
34.147.39.146,443,443,true,FRA,Europe,Frankfurt,218,3.18
34.154.7.214,443,443,true,FRA,Europe,Frankfurt,182,3.17
34.154.12.224,443,443,true,FRA,Europe,Frankfurt,181,3.17
34.154.61.8,443,443,true,FRA,Europe,Frankfurt,203,2.99
34.154.4.128,443,443,true,FRA,Europe,Frankfurt,186,2.98
34.154.59.81,443,443,true,FRA,Europe,Frankfurt,220,2.93
34.89.147.232,443,443,true,FRA,Europe,Frankfurt,254,2.88
34.107.28.3,443,443,true,FRA,Europe,Frankfurt,264,2.85
35.242.232.67,443,443,true,FRA,Europe,Frankfurt,297,2.82
34.89.238.99,443,443,true,FRA,Europe,Frankfurt,179,2.80
34.154.47.47,443,443,true,FRA,Europe,Frankfurt,182,2.77
34.154.64.132,443,443,true,FRA,Europe,Frankfurt,182,2.72
34.154.39.79,443,443,true,FRA,Europe,Frankfurt,193,2.71
34.154.58.50,443,443,true,FRA,Europe,Frankfurt,214,2.71
34.118.5.47,443,443,true,FRA,Europe,Frankfurt,175,2.69
34.118.87.123,443,443,true,FRA,Europe,Frankfurt,282,2.63
34.154.74.14,443,443,true,FRA,Europe,Frankfurt,192,2.59
34.154.25.93,443,443,true,FRA,Europe,Frankfurt,185,2.57
34.116.174.159,443,443,true,FRA,Europe,Frankfurt,277,2.51
34.154.19.214,443,443,true,FRA,Europe,Frankfurt,167,2.51
34.107.94.44,443,443,true,FRA,Europe,Frankfurt,218,2.39
34.154.53.117,443,443,true,FRA,Europe,Frankfurt,184,2.39
34.159.10.27,443,443,true,FRA,Europe,Frankfurt,257,2.33
34.118.126.252,443,443,true,FRA,Europe,Frankfurt,271,2.28
35.246.208.69,443,443,true,FRA,Europe,Frankfurt,259,2.24
34.118.25.79,443,443,true,FRA,Europe,Frankfurt,216,2.20
34.90.89.133,443,443,true,FRA,Europe,Frankfurt,282,2.11
34.116.193.101,443,443,true,FRA,Europe,Frankfurt,172,2.10
34.65.143.247,443,443,true,FRA,Europe,Frankfurt,250,2.09
34.141.115.112,443,443,true,FRA,Europe,Frankfurt,264,2.02
34.107.64.17,443,443,true,FRA,Europe,Frankfurt,218,1.99
34.83.154.226,80,80,false,SEA,North America,Seattle,157,1.98
34.83.154.226,80,80,false,SEA,North America,Seattle,155,1.96
34.83.154.226,80,80,false,SEA,North America,Seattle,157,1.96
34.83.154.226,80,80,false,SEA,North America,Seattle,158,1.95
34.90.73.152,443,443,true,FRA,Europe,Frankfurt,305,1.93
34.89.185.19,443,443,true,FRA,Europe,Frankfurt,153,1.80
35.246.254.47,443,443,true,FRA,Europe,Frankfurt,252,1.80
34.118.56.203,443,443,true,FRA,Europe,Frankfurt,284,1.78
34.107.25.251,443,443,true,FRA,Europe,Frankfurt,318,1.73
34.89.136.161,443,443,true,FRA,Europe,Frankfurt,253,1.72
34.91.211.250,443,443,true,FRA,Europe,Frankfurt,186,1.70
34.116.155.156,443,443,true,FRA,Europe,Frankfurt,259,1.70
34.154.122.71,443,443,true,FRA,Europe,Frankfurt,263,1.58
34.116.249.57,443,443,true,FRA,Europe,Frankfurt,361,1.56
34.116.188.43,443,443,true,FRA,Europe,Frankfurt,302,1.51
34.91.211.250,443,443,true,FRA,Europe,Frankfurt,168,1.39
34.90.231.41,443,443,true,FRA,Europe,Frankfurt,278,1.38
34.90.73.152,443,443,true,FRA,Europe,Frankfurt,246,1.24
34.116.143.230,443,443,true,FRA,Europe,Frankfurt,179,1.22
34.90.71.173,443,443,true,FRA,Europe,Frankfurt,262,1.21
34.118.26.158,443,443,true,FRA,Europe,Frankfurt,282,1.14
34.154.6.110,443,443,true,FRA,Europe,Frankfurt,184,1.08
34.118.4.22,443,443,true,FRA,Europe,Frankfurt,280,1.08
34.118.95.114,443,443,true,FRA,Europe,Frankfurt,230,0.85
34.97.64.116,8443,443,true,KIX,Asia Pacific,Osaka,81,0.84
34.97.64.116,8443,443,true,KIX,Asia Pacific,Osaka,93,0.84
34.118.31.189,443,443,true,FRA,Europe,Frankfurt,274,0.84
34.97.64.116,8443,443,true,KIX,Asia Pacific,Osaka,149,0.83
34.154.115.157,443,443,true,FRA,Europe,Frankfurt,184,0.76
34.118.31.189,443,443,true,FRA,Europe,Frankfurt,303,0.69
34.116.188.43,443,443,true,FRA,Europe,Frankfurt,282,0.63
34.118.45.84,443,443,true,FRA,Europe,Frankfurt,280,0.61
34.118.77.221,443,443,true,FRA,Europe,Frankfurt,317,0.61
34.97.85.97,443,443,true,KIX,Asia Pacific,Osaka,113,0.61
34.32.160.141,443,443,true,FRA,Europe,Frankfurt,264,0.60
34.97.85.97,443,443,true,KIX,Asia Pacific,Osaka,95,0.60
34.97.85.97,443,443,true,KIX,Asia Pacific,Osaka,83,0.60
34.65.5.240,443,443,true,FRA,Europe,Frankfurt,310,0.44
34.116.252.146,443,443,true,FRA,Europe,Frankfurt,367,0.36
34.118.89.3,443,443,true,FRA,Europe,Frankfurt,300,0.30
34.116.147.108,443,443,true,FRA,Europe,Frankfurt,268,0.24
34.90.85.192,443,443,true,FRA,Europe,Frankfurt,210,0.21
34.154.47.113,443,443,true,FRA,Europe,Frankfurt,175,0.16
34.36.183.121,80,80,false,SIN,Asia Pacific,Singapore,1,0.00
34.160.118.77,80,80,false,SIN,Asia Pacific,Singapore,8,0.00
34.117.254.68,80,80,false,SIN,Asia Pacific,Singapore,9,0.00
35.244.203.169,80,80,false,SIN,Asia Pacific,Singapore,17,0.00
34.160.118.77,80,80,false,SIN,Asia Pacific,Singapore,22,0.00
34.49.212.232,80,80,false,SIN,Asia Pacific,Singapore,36,0.00
34.150.29.153,443,80,false,HKG,Asia Pacific,Hong Kong,37,0.00
34.81.56.123,8080,80,false,TPE,Asia Pacific,Taipei,41,0.00
34.81.56.123,8080,80,false,TPE,Asia Pacific,Taipei,46,0.00
34.81.56.123,8080,80,false,TPE,Asia Pacific,Taipei,51,0.00
34.150.29.153,443,80,false,HKG,Asia Pacific,Hong Kong,53,0.00
34.93.79.152,80,80,false,BOM,Asia Pacific,Mumbai,61,0.00
34.93.226.165,80,80,false,BOM,Asia Pacific,Mumbai,61,0.00
34.93.226.165,80,80,false,BOM,Asia Pacific,Mumbai,61,0.00
34.93.226.165,80,80,false,BOM,Asia Pacific,Mumbai,62,0.00
34.93.79.152,80,80,false,BOM,Asia Pacific,Mumbai,62,0.00
34.93.226.165,80,80,false,BOM,Asia Pacific,Mumbai,63,0.00
34.93.79.152,80,80,false,BOM,Asia Pacific,Mumbai,69,0.00
34.81.56.123,8080,80,false,TPE,Asia Pacific,Taipei,69,0.00
34.64.94.216,80,80,false,ICN,Asia Pacific,Seoul,73,0.00
34.64.94.216,80,80,false,ICN,Asia Pacific,Seoul,75,0.00
34.64.94.216,80,80,false,ICN,Asia Pacific,Seoul,75,0.00
34.64.94.216,80,80,false,ICN,Asia Pacific,Seoul,76,0.00
34.82.188.91,443,443,true,SEA,North America,Seattle,155,0.00
34.82.76.253,80,80,false,SEA,North America,Seattle,155,0.00
34.82.76.253,80,80,false,SEA,North America,Seattle,155,0.00
34.82.76.253,80,80,false,SEA,North America,Seattle,155,0.00
34.145.74.30,443,80,false,SEA,North America,Seattle,155,0.00
34.145.74.30,80,80,false,SEA,North America,Seattle,156,0.00
35.247.124.181,80,80,false,SEA,North America,Seattle,156,0.00
34.145.74.30,80,80,false,SEA,North America,Seattle,156,0.00
34.105.49.234,80,80,false,SEA,North America,Seattle,156,0.00
34.145.74.30,443,80,false,SEA,North America,Seattle,156,0.00
34.105.49.234,80,80,false,SEA,North America,Seattle,157,0.00
34.19.125.109,80,80,false,SEA,North America,Seattle,157,0.00
34.19.125.109,80,80,false,SEA,North America,Seattle,158,0.00
34.82.76.253,80,80,false,SEA,North America,Seattle,159,0.00
34.82.188.91,443,443,true,SEA,North America,Seattle,159,0.00
34.102.111.127,80,80,false,LAX,North America,Los Angeles,159,0.00
34.141.248.249,2087,80,false,AMS,Europe,Amsterdam,160,0.00
34.141.221.33,2083,80,false,AMS,Europe,Amsterdam,160,0.00
34.141.221.33,2052,80,false,AMS,Europe,Amsterdam,160,0.00
34.141.248.249,2096,80,false,AMS,Europe,Amsterdam,160,0.00
35.187.41.171,2087,80,false,CDG,Europe,Paris,162,0.00
35.187.41.171,2083,80,false,CDG,Europe,Paris,163,0.00
34.141.221.33,2053,80,false,AMS,Europe,Amsterdam,163,0.00
34.141.248.249,2086,80,false,AMS,Europe,Amsterdam,163,0.00
34.141.221.33,2086,80,false,AMS,Europe,Amsterdam,163,0.00
34.141.221.33,2096,80,false,AMS,Europe,Amsterdam,163,0.00
34.141.248.249,2082,80,false,AMS,Europe,Amsterdam,163,0.00
34.141.248.249,2083,80,false,AMS,Europe,Amsterdam,163,0.00
34.141.248.249,2053,80,false,AMS,Europe,Amsterdam,163,0.00
34.141.248.249,2052,80,false,AMS,Europe,Amsterdam,163,0.00
34.78.16.134,80,80,false,CDG,Europe,Paris,164,0.00
34.78.16.134,80,80,false,CDG,Europe,Paris,164,0.00
34.78.16.134,80,80,false,CDG,Europe,Paris,164,0.00
35.198.72.47,443,443,true,FRA,Europe,Frankfurt,165,0.00
34.141.221.33,2095,80,false,AMS,Europe,Amsterdam,166,0.00
34.141.221.33,2082,80,false,AMS,Europe,Amsterdam,166,0.00
34.147.101.117,2053,80,false,AMS,Europe,Amsterdam,167,0.00
35.246.194.83,443,443,true,FRA,Europe,Frankfurt,167,0.00
34.147.82.194,2053,80,false,AMS,Europe,Amsterdam,170,0.00
34.91.64.141,443,443,true,FRA,Europe,Frankfurt,175,0.00
34.147.101.117,2095,80,false,AMS,Europe,Amsterdam,176,0.00
34.105.3.218,443,443,true,SEA,North America,Seattle,176,0.00
34.175.161.245,2086,80,false,MAD,Europe,Madrid,177,0.00
34.175.7.231,2087,80,false,MAD,Europe,Madrid,177,0.00
34.175.161.245,2053,80,false,MAD,Europe,Madrid,178,0.00
34.91.159.161,443,443,true,FRA,Europe,Frankfurt,178,0.00
34.175.99.73,2096,80,false,MAD,Europe,Madrid,178,0.00
34.175.95.58,2096,80,false,MAD,Europe,Madrid,178,0.00
34.175.99.73,2052,80,false,MAD,Europe,Madrid,178,0.00
34.175.99.73,2095,80,false,MAD,Europe,Madrid,178,0.00
34.175.95.58,2082,80,false,MAD,Europe,Madrid,179,0.00
34.94.153.2,2053,443,true,LAX,North America,Los Angeles,179,0.00
34.102.111.127,80,80,false,LAX,North America,Los Angeles,179,0.00
34.175.99.73,2086,80,false,MAD,Europe,Madrid,180,0.00
34.175.168.99,2087,80,false,MAD,Europe,Madrid,180,0.00
34.175.133.251,2087,80,false,MAD,Europe,Madrid,180,0.00
34.175.133.251,2083,80,false,MAD,Europe,Madrid,180,0.00
34.175.7.231,2082,80,false,MAD,Europe,Madrid,180,0.00
34.175.95.58,2095,80,false,MAD,Europe,Madrid,180,0.00
34.175.133.251,2053,80,false,MAD,Europe,Madrid,180,0.00
34.175.7.231,2052,80,false,MAD,Europe,Madrid,180,0.00
34.175.133.251,2082,80,false,MAD,Europe,Madrid,181,0.00
34.175.95.58,2086,80,false,MAD,Europe,Madrid,181,0.00
34.175.161.245,2096,80,false,MAD,Europe,Madrid,181,0.00
34.175.244.157,2053,80,false,MAD,Europe,Madrid,181,0.00
34.175.133.251,2052,80,false,MAD,Europe,Madrid,181,0.00
34.175.95.58,2052,80,false,MAD,Europe,Madrid,181,0.00
34.175.95.58,2053,80,false,MAD,Europe,Madrid,181,0.00
34.175.244.157,2052,80,false,MAD,Europe,Madrid,181,0.00
34.175.161.245,2052,80,false,MAD,Europe,Madrid,182,0.00
34.175.7.231,2053,80,false,MAD,Europe,Madrid,182,0.00
34.90.231.41,443,443,true,FRA,Europe,Frankfurt,182,0.00
34.154.86.51,443,443,true,FRA,Europe,Frankfurt,185,0.00
34.175.143.15,2095,80,false,MAD,Europe,Madrid,186,0.00
34.175.133.251,2095,80,false,MAD,Europe,Madrid,186,0.00
34.147.101.117,2052,80,false,AMS,Europe,Amsterdam,187,0.00
34.105.49.234,80,80,false,SEA,North America,Seattle,189,0.00
34.147.101.117,2086,80,false,AMS,Europe,Amsterdam,190,0.00
34.147.101.117,2083,80,false,AMS,Europe,Amsterdam,194,0.00
34.147.101.117,2096,80,false,AMS,Europe,Amsterdam,195,0.00
34.41.132.8,80,80,false,ORD,North America,Chicago,206,0.00
34.66.223.220,80,80,false,ORD,North America,Chicago,206,0.00
34.66.223.220,80,80,false,ORD,North America,Chicago,206,0.00
35.225.207.21,80,80,false,ORD,North America,Chicago,207,0.00
34.135.226.181,80,80,false,ORD,North America,Chicago,207,0.00
34.69.233.255,80,80,false,DFW,North America,Dallas,207,0.00
34.28.14.212,8080,80,false,ORD,North America,Chicago,208,0.00
34.28.14.212,8080,80,false,ORD,North America,Chicago,208,0.00
34.66.223.220,80,80,false,ORD,North America,Chicago,208,0.00
34.102.111.127,80,80,false,LAX,North America,Los Angeles,209,0.00
34.69.233.255,80,80,false,DFW,North America,Dallas,210,0.00
34.147.101.117,2082,80,false,AMS,Europe,Amsterdam,210,0.00
35.239.252.197,80,80,false,ORD,North America,Chicago,211,0.00
34.73.158.50,80,80,false,ATL,North America,Atlanta,218,0.00
35.227.84.56,80,80,false,ATL,North America,Atlanta,218,0.00
34.73.158.50,80,80,false,ATL,North America,Atlanta,219,0.00
34.74.105.17,80,8080,false,ATL,North America,Atlanta,219,0.00
34.73.158.50,80,80,false,ATL,North America,Atlanta,219,0.00
34.74.105.17,80,8080,false,ATL,North America,Atlanta,219,0.00
34.74.105.17,80,8080,false,ATL,North America,Atlanta,219,0.00
34.74.105.17,80,8080,false,ATL,North America,Atlanta,220,0.00
34.73.158.50,80,80,false,ATL,North America,Atlanta,223,0.00
35.227.84.56,80,80,false,ATL,North America,Atlanta,223,0.00
34.145.66.39,8080,8080,false,MAA,Asia Pacific,Chennai,395,0.00
34.145.66.39,8080,8080,false,MAA,Asia Pacific,Chennai,398,0.00
